user_id,target_sex,target_age,target_job,target_prefer,more_info,product,target_keyword1,target_keyword2,chatgpt_summary,chatgpt_reason,img_idx
1,남자,30대,회사원,포근한,"활동적, 새로움, 자신감, 창의적",가방,활동적,새로움,"['컬러플한', '독특한 패턴', '다양한 포켓', '가벼운 소재', '트렌디한 디자인']","제품은 활동적이고 새로운 경험을 추구하는 페르소나를 위해 컬러플한 디자인과 독특한 패턴을 가지고 있어야 합니다. 다양한 포켓이 있어서 소지품을 정리하기 편리하고, 가벼운 소재로 제작되어 휴대하기 편리합니다. 또한, 트렌디한 디자인으로 자신감을 더할 수 있습니다.",1
2,남자,30대,회사원,간편한,"차분한, 성실함, 용감함",쇼파,차분한,용감함,"['유니크한 디자인', '곡선형 모양', '부드러운 느낌', '자연스러운 색상', '차분한 분위기']","이 제품은 차분한 페르소나에게 적합한 디자인입니다. 곡선형 모양과 부드러운 느낌은 차분함을 상징하며, 자연스러운 색상은 편안함을 제공합니다. 또한, 용감한 페르소나를 위해 유니크한 디자인을 채택하여 독특함을 강조하였습니다. 이러한 디자인은 성실함과 용감함을 가진 페르소나에게 안정감을 줄 것입니다. 또한, 차분한 분위기는 페르소나가 휴식을 취할 수 있는 공간을 제공하며, 편안한 분위기를 조성합니다.",2
3,남자,20대,대학생(원),자연스런,,지갑,,,"소형, 간결하고 심플한 디자인, 부드러운 컬러, 가볍고 휴대하기 편한 형태, 실용적인 디자인","지갑은 소형이며 간결하고 심플한 디자인을 가지고 있습니다. 이는 사용자에게 부담 없이 휴대할 수 있고 일상적인 사용에 편리함을 제공합니다. 부드러운 컬러를 선택함으로써 지갑은 부드러운 느낌을 줄 수 있으며, 사용자의 성별과 나이에 관계없이 모두에게 어울리는 디자인입니다. 또한 가벼운 무게와 휴대하기 편한 형태는 사용자에게 편안한 사용감을 제공하며, 실용적인 디자인은 다양한 용도로 사용할 수 있도록 합니다.",3
4,여자,30대,회사원,새로운,,의자,,,"곡선 형태, 부드러운 느낌, 밝은 색상, 현대적인 디자인, 편안한 디자인","곡선 형태와 부드러운 느낌은 의자가 편안하고 안정감을 주는 느낌을 전달합니다. 밝은 색상은 공간을 활기차게 만들어주고, 시선을 집중시키는 역할을 합니다. 현대적인 디자인은 시대적인 트렌드를 반영하며, 세련된 분위기를 연출합니다. 편안한 디자인은 사용자가 오랫동안 앉아도 피로하지 않고 편안하게 사용할 수 있도록 합니다.",4
5,여자,30대,대학생(원),젊은,"단순함, 용감함",책상,단순함,용감함,"['직사각형 모양', '심플하고 깔끔한 화이트 컬러', '안정적이고 견고한 구조', '간결하고 실용적인 디자인']","단순함: 단순한 형태와 심플한 색상은 편안하고 집중력을 높여줍니다. 사용자들이 복잡하지 않고 간편한 디자인을 선호하기 때문에, 단순한 형태의 책상은 사용자들에게 편안한 작업 환경을 제공할 수 있습니다. 용감함: 용감한 디자인은 사용자의 자신감을 높여줍니다. 책상은 작업 공간에서 중요한 역할을 하는데, 용감한 디자인은 사용자들에게 자신감과 도전적인 마인드를 부여하여 창의적인 작업을 도모할 수 있습니다. 또한, 견고한 구조와 실용적인 디자인은 사용자들에게 안정감을 주어 작업 효율을 높일 수 있습니다.",5
6,남자,30대,회사원,간편한,"호기심, 팝, 새로움, 창의적, 예민함",가방,호기심,창의적,"['컬러풀한 디자인', '독특한 모양', '다양한 포켓과 수납 공간', '유니크한 재질', '현대적인 스타일']","호기심과 창의성을 가진 고객을 위해, 가방의 디자인은 컬러풀하고 독특한 모양으로 제작되어야 합니다. 다양한 포켓과 수납 공간은 호기심 많은 고객이 다양한 물건을 넣을 수 있도록 도와줍니다. 또한, 유니크한 재질을 사용하여 새로움과 창의성을 강조하고 현대적인 스타일을 표현할 수 있습니다. 이러한 디자인은 예민한 성향을 가진 고객에게도 매력적으로 다가갈 수 있을 것입니다.",6
7,여자,20대,대학생(원),간편한,"팝, 예민함, 합리적, 호기심",가방,팝,예민함,"['화려한', '독특한 패턴과 색상', '섬세한 디테일', '모던하고 세련된 형태', '반짝이는 재질', '다채로운 컬러']","팝: 팝 키워드를 선택한 이유는 이 페르소나가 개성적이고 독특한 디자인을 선호할 것으로 예상되기 때문입니다. 화려한 패턴과 색상을 사용하여 가방을 독특하게 만들어주고, 반짝이는 재질을 사용하여 시선을 끌 수 있도록 하였습니다.
예민함: 예민함 키워드를 선택한 이유는 이 페르소나가 섬세한 디테일을 중요시하는 것으로 예상되기 때문입니다. 따라서 디자인에는 섬세한 디테일이 반영되어야 합니다. 모던하고 세련된 형태로 가방을 디자인하고, 다채로운 컬러를 사용하여 시각적으로 흥미로움을 더했습니다.",7
8,남자,20대,무직,편리한,"활동적, 용감함",의자,활동적,용감함,"['동그란 모양', '밝고 활기찬 분위기', '화려한 컬러', '현대적인 디자인', '독특하고 트렌디한 형태']","활동적이고 용감한 페르소나를 위한 의자 디자인은 동그란 모양으로 제작됩니다. 이 모양은 부드럽고 친근한 느낌을 주며, 페르소나가 편안하게 앉을 수 있도록 합니다. 밝고 활기찬 분위기를 위해 화려한 컬러를 사용하여 의자가 주변 공간을 밝게 만들어줍니다. 현대적인 디자인은 페르소나가 선호하는 스타일에 맞추어 제작되었으며, 독특하고 트렌디한 형태는 페르소나의 개성을 돋보이게 합니다. 이러한 디자인은 활동적이고 용감한 페르소나에게 자신감과 도전을 느끼게 해줄 것입니다.",8
9,남자,20대,무직,쉬움,,가방,,,"가방, 실용적, 모던한 느낌, 다용도, 트렌디한 색상, 편안한 형태, 내구성, 세련된 디테일",제품인 가방은 실용적이고 다용도로 사용되는 아이템입니다. 따라서 디자인은 실용성과 모던한 느낌을 강조해야 합니다. 모던한 느낌을 주기 위해 가방의 형태는 편안하고 세련된 디테일을 갖추어야 합니다. 가방의 색상은 트렌디한 색상을 선택하여 사용자의 센스를 돋보이게 합니다. 또한 내구성이 좋은 소재를 사용하여 오랫동안 사용할 수 있도록 합니다.,9
10,남자,20대,회사원,자연스런,"창의적, 호기심",의자,활동적,창의적,"['새로운 모양', '다양한 색상', '독특한 디자인', '유연한 형태']","이 의자는 활동적이고 창의적인 페르소나를 위해 디자인되었습니다. 새로운 모양과 다양한 색상은 호기심을 자극하고, 독특한 디자인은 창의성을 표현합니다. 의자의 형태는 유연하여 다양한 자세에 맞게 조절할 수 있으며, 활동적인 사용자에게 편안함을 제공합니다.",10
11,남자,20대,무직,새로운,"성실함, 단순함",빨래 건조대,성실함,단순함,"['직사각형 모양', '깔끔하고 실용적인 분위기', '화이트 컬러', '간결하고 기능적인 디자인']","성실함과 단순함을 키워드로 선택한 이유는 빨래 건조대가 실용적이고 효율적으로 사용될 수 있도록 디자인되어야 하기 때문입니다. 직사각형 모양은 안정적이고 균형있는 느낌을 주며, 깔끔한 분위기를 연출합니다. 화이트 컬러는 깨끗하고 청결한 이미지를 전달하며, 공간에 부담을 주지 않고 조화롭게 어울립니다. 간결하고 기능적인 디자인은 사용자가 빨래 건조대를 편리하게 사용할 수 있도록 합니다. 디자인이 단순하고 성실한 이미지를 강조하여 사용자의 성실함을 도모하고, 빨래 건조 과정을 간편하고 효율적으로 만들어 줍니다.",11
12,여자,20대,대학생(원),새로운,,지갑,,,"캐주얼한 디자인, 작고 가벼운 크기, 다양한 색상 옵션, 간편한 여닫힘, 실용적인 디자인","이 제품은 캐주얼한 분위기와 실용성을 갖춘 디자인이 중요합니다. 작고 가벼운 크기로 휴대하기 편하며, 다양한 색상 옵션을 제공하여 다양한 취향에 맞춰 선택할 수 있습니다. 여닫힘이 간편하고 실용적이어서 일상 생활에서 편리하게 사용할 수 있습니다.",12
